FAM58A,Truncating Mutations,1
CBL,W802*,2
CBL,Q249E,2
CBL,N454D,3
CBL,L399V,4
CBL,V391I,4
CBL,V430M,5
CBL,Deletion,1
CBL,Y371H,4
CBL,C384R,4
CBL,P395A,4
CBL,K382E,4
CBL,R420Q,4
CBL,C381A,4
CBL,P428L,5
CBL,D390Y,4
CBL,Truncating Mutations,1
CBL,Q367P,4
CBL,M374V,5
CBL,Y371S,4
CBL,H94Y,6
CBL,C396R,4
CBL,G375P,4
CBL,S376F,4
CBL,P417A,4
CBL,H398Y,4
SHOC2,S2G,4
TERT,Y846C,4
TERT,C228T,7
TERT,H412Y,4
TERT,H876Q,4
TERT,Promoter Mutations,7
TERT,P704S,4
TERT,Amplification,2
TERT,C250T,7
DICER1,G1809R,4
DICER1,G1809K,4
DICER1,D1709E,1
DICER1,D1709A,1
DICER1,E1705A,4
DICER1,D1810A,4
DICER1,Truncating Mutations,1
DICER1,E1705K,4
DICER1,Deletion,1
PTPRT,T1365M,4
PTPRT,V648G,1
PTPRT,T844M,4
PTPRT,A707T,1
PTPRT,Promoter Hypermethylation,4
PTPRT,R1343L,4
PTPRT,A209T,1
PTPRT,Y280H,1
PTPRT,D927G,4
PTPRT,N510K,1
PTPRT,F248S,1
,,
PTPRT,L708P,1
PTPRT,V995M,4
PTPRT,Y412F,1
PTPRT,F74S,1
,,
PTPRT,R1040L,1
PTPRT,R453C,1
PTPRT,R1209W,4
PTPRT,A1022E,4
PTPRT,Q984K,4
,,
PTPRT,T605M,1
PTPRT,K218T,1
PTPRT,N1125I,4
RHEB,Y35C,7
RHEB,Y35N,7
RHEB,Y35H,7
SHQ1,Deletion,1
CCND2,Amplification,2
RAD50,L234fs,1
RAD50,L1273F,4
RAD50,Deletion,1
CCND3,Amplification,2
CCND3,P284L,2
CCND3,Q276*,7
CCND3,T286A,7
CCND3,T283A,7
CCND3,I290A,2
CCND3,I290R,2
RIT1,A77S,7
RIT1,A77P,7
RIT1,A77T,2
RIT1,M90I,7
CCNE1,Amplification,7
CCNE1,Overexpression,7
RYBP,Truncating Mutations,1
TGFBR1,N45S,4
TGFBR1,R487Q,1
TGFBR1,C41Y,4
TGFBR1,G52R,4
TGFBR1,P83L,4
TGFBR1,S241L,1
TGFBR1,S387Y,4
TGFBR1,TGFBR1*6A,4